Business Name,Source,Street Address,City,State,Zip,Title,Document URL,Key Nature,Docket Num,Court Juris,Filed Date,Key Nature1
Advanced Medical Equipment Corporation,Corporation Wiki,37500 Centralmont Pl,Fremont,CA,94536,Ford Motor Credit Company LLC v. Advanced Medical Equipment,https://www.westlaw.com/Document/I1AD5DE4CF89511EA8C24C7BE4F705CAD/View/FullText.html?navigationPath=Alert%2Fv1%2FlistNavigation%2FDocketAlertNext%2Fi0ad84c19000001749b9a2f7258cac657%3FtransitionType%3DDocketAlert%26originationContext%3DSearch%2520Result%26contextData%3D%2528sc.DocketAlert%2529%26rank%3D9%26alertGuid%3Di0ad60f7700000160d78e42898c1447b6&listSource=Alert&list=DocketAlertNext&rank=9&originationContext=Search%20Result&transitionType=DocketAlert&contextData=%28sc.DocketAlert%29&VR=3.0&RS=cblt1.0&alertGuid=i0ad60f7700000160d78e42898c1447b6,"Banking/Finance, Collections",HG20073602,CA Alameda Super. Ct.,44089.0,"=IF(ISNUMBER(SEARCH(""Balboa Capital"",G2)),""Balboa Capital Lawsuit Against Your Company"",IF(ISNUMBER(SEARCH(""Creditors Adjustment"",G2)),""Creditors Adjustment Bureau Lawsuit Against Your Company"",IF(ISNUMBER(SEARCH(""contract"",I2)),""Contract Dispute Against Your Company"",IF(ISNUMBER(SEARCH(""labor"",I2)),""Labor Dispute Filed Against Your Company"",IF(ISNUMBER(SEARCH(""employment"",I2)),""Labor Dispute Filed Against Your Company"",IF(ISNUMBER(SEARCH(""banking"",I2)),""Banking, Finance & Collections Lawsuit Filed Against Your Company"",IF(ISNUMBER(SEARCH(""landlord"",I2)),""Tenant Dispute Filed Against Your Company"",IF(ISNUMBER(SEARCH(""unfair"",I2)),""Unfair Competition Lawsuit Filed Against Your Company"",IF(ISNUMBER(SEARCH(""intellectual"",I2)),""IP Lawsuit Filed Against Your Company"",IF(ISNUMBER(SEARCH(""FRAUD"",I2)),""Lawsuit Claiming Fraud Filed Against Your Company"",I2))))))))))"
Construction Fence Rental Inc,Cortera,"6161 El Cajon Blvd, # B126",San Diego,CA,92115-3922,Cal West Materials v. Construction Fence Rental Inc,https://www.westlaw.com/Document/I511F7996F7F011EA8C24C7BE4F705CAD/View/FullText.html?navigationPath=Alert%2Fv1%2FlistNavigation%2FDocketAlertNext%2Fi0ad6403c0000017496892283cb90955d%3FtransitionType%3DDocketAlert%26originationContext%3DSearch%2520Result%26contextData%3D%2528sc.DocketAlert%2529%26rank%3D13%26alertGuid%3Di0ad715a600000172e2f6e8f7543ed38e&listSource=Alert&list=DocketAlertNext&rank=13&originationContext=Search%20Result&transitionType=DocketAlert&contextData=%28sc.DocketAlert%29&VR=3.0&RS=cblt1.0&alertGuid=i0ad715a600000172e2f6e8f7543ed38e,"Banking/Finance, Collections",37-2020-00032117-CL-CL-CTL,CA San Diego Super.Ct.,44088.0,"=IF(ISNUMBER(SEARCH(""Balboa Capital"",G3)),""Balboa Capital Lawsuit Against Your Company"",IF(ISNUMBER(SEARCH(""Creditors Adjustment"",G3)),""Creditors Adjustment Bureau Lawsuit Against Your Company"",IF(ISNUMBER(SEARCH(""contract"",I3)),""Contract Dispute Against Your Company"",IF(ISNUMBER(SEARCH(""labor"",I3)),""Labor Dispute Filed Against Your Company"",IF(ISNUMBER(SEARCH(""employment"",I3)),""Labor Dispute Filed Against Your Company"",IF(ISNUMBER(SEARCH(""banking"",I3)),""Banking, Finance & Collections Lawsuit Filed Against Your Company"",IF(ISNUMBER(SEARCH(""landlord"",I3)),""Tenant Dispute Filed Against Your Company"",IF(ISNUMBER(SEARCH(""unfair"",I3)),""Unfair Competition Lawsuit Filed Against Your Company"",IF(ISNUMBER(SEARCH(""intellectual"",I3)),""IP Lawsuit Filed Against Your Company"",IF(ISNUMBER(SEARCH(""FRAUD"",I3)),""Lawsuit Claiming Fraud Filed Against Your Company"",I3))))))))))"
Does 1 To 10,Corporation Wiki,920 W 1st St,Tempe,AZ,85281,Cavalry SPV I LLC as assignee of v. Jose A Corona,https://www.westlaw.com/Document/IE6DF93FAF7BE11EA8C24C7BE4F705CAD/View/FullText.html?navigationPath=Alert%2Fv1%2FlistNavigation%2FDocketAlertNext%2Fi0ad6403c0000017496892283cb90955d%3FtransitionType%3DDocketAlert%26originationContext%3DSearch%2520Result%26contextData%3D%2528sc.DocketAlert%2529%26rank%3D21%26alertGuid%3Di0ad715a600000172e2f6e8f7543ed38e&listSource=Alert&list=DocketAlertNext&rank=21&originationContext=Search%20Result&transitionType=DocketAlert&contextData=%28sc.DocketAlert%29&VR=3.0&RS=cblt1.0&alertGuid=i0ad715a600000172e2f6e8f7543ed38e,"Banking/Finance, Collections",34-2020-00284650,CA Sacramento Super. Ct.,44082.0,"=IF(ISNUMBER(SEARCH(""Balboa Capital"",G4)),""Balboa Capital Lawsuit Against Your Company"",IF(ISNUMBER(SEARCH(""Creditors Adjustment"",G4)),""Creditors Adjustment Bureau Lawsuit Against Your Company"",IF(ISNUMBER(SEARCH(""contract"",I4)),""Contract Dispute Against Your Company"",IF(ISNUMBER(SEARCH(""labor"",I4)),""Labor Dispute Filed Against Your Company"",IF(ISNUMBER(SEARCH(""employment"",I4)),""Labor Dispute Filed Against Your Company"",IF(ISNUMBER(SEARCH(""banking"",I4)),""Banking, Finance & Collections Lawsuit Filed Against Your Company"",IF(ISNUMBER(SEARCH(""landlord"",I4)),""Tenant Dispute Filed Against Your Company"",IF(ISNUMBER(SEARCH(""unfair"",I4)),""Unfair Competition Lawsuit Filed Against Your Company"",IF(ISNUMBER(SEARCH(""intellectual"",I4)),""IP Lawsuit Filed Against Your Company"",IF(ISNUMBER(SEARCH(""FRAUD"",I4)),""Lawsuit Claiming Fraud Filed Against Your Company"",I4))))))))))"
Vt Cleaning Inc,Corporation Wiki,900 Cottage Grove Rd,Hartford,CT,06152,Creditors Adjustment Bureau Inc v. Vt Cleaning Inc,https://www.westlaw.com/Document/I511F7989F7F011EA8C24C7BE4F705CAD/View/FullText.html?navigationPath=Alert%2Fv1%2FlistNavigation%2FDocketAlertNext%2Fi0ad6403c0000017496892283cb90955d%3FtransitionType%3DDocketAlert%26originationContext%3DSearch%2520Result%26contextData%3D%2528sc.DocketAlert%2529%26rank%3D114%26alertGuid%3Di0ad715a600000172e2f6e8f7543ed38e&listSource=Alert&list=DocketAlertNext&rank=114&originationContext=Search%20Result&transitionType=DocketAlert&contextData=%28sc.DocketAlert%29&VR=3.0&RS=cblt1.0&alertGuid=i0ad715a600000172e2f6e8f7543ed38e,"Banking/Finance, Collections",37-2020-00032119-CL-CL-CTL,CA San Diego Super.Ct.,44089.0,"=IF(ISNUMBER(SEARCH(""Balboa Capital"",G5)),""Balboa Capital Lawsuit Against Your Company"",IF(ISNUMBER(SEARCH(""Creditors Adjustment"",G5)),""Creditors Adjustment Bureau Lawsuit Against Your Company"",IF(ISNUMBER(SEARCH(""contract"",I5)),""Contract Dispute Against Your Company"",IF(ISNUMBER(SEARCH(""labor"",I5)),""Labor Dispute Filed Against Your Company"",IF(ISNUMBER(SEARCH(""employment"",I5)),""Labor Dispute Filed Against Your Company"",IF(ISNUMBER(SEARCH(""banking"",I5)),""Banking, Finance & Collections Lawsuit Filed Against Your Company"",IF(ISNUMBER(SEARCH(""landlord"",I5)),""Tenant Dispute Filed Against Your Company"",IF(ISNUMBER(SEARCH(""unfair"",I5)),""Unfair Competition Lawsuit Filed Against Your Company"",IF(ISNUMBER(SEARCH(""intellectual"",I5)),""IP Lawsuit Filed Against Your Company"",IF(ISNUMBER(SEARCH(""FRAUD"",I5)),""Lawsuit Claiming Fraud Filed Against Your Company"",I5))))))))))"
Stephen Land,Corporation Wiki,5454 Ruffin Rd,San Diego,CA,92123,Lvnv Funding LLC v. Land,https://www.westlaw.com/Document/I511F79F5F7F011EA8C24C7BE4F705CAD/View/FullText.html?navigationPath=Alert%2Fv1%2FlistNavigation%2FDocketAlertNext%2Fi0ad6403c0000017496892283cb90955d%3FtransitionType%3DDocketAlert%26originationContext%3DSearch%2520Result%26contextData%3D%2528sc.DocketAlert%2529%26rank%3D259%26alertGuid%3Di0ad715a600000172e2f6e8f7543ed38e&listSource=Alert&list=DocketAlertNext&rank=259&originationContext=Search%20Result&transitionType=DocketAlert&contextData=%28sc.DocketAlert%29&VR=3.0&RS=cblt1.0&alertGuid=i0ad715a600000172e2f6e8f7543ed38e,"Banking/Finance, Collections",37-2020-00032104-CL-CL-CTL,CA San Diego Super.Ct.,44088.0,"=IF(ISNUMBER(SEARCH(""Balboa Capital"",G6)),""Balboa Capital Lawsuit Against Your Company"",IF(ISNUMBER(SEARCH(""Creditors Adjustment"",G6)),""Creditors Adjustment Bureau Lawsuit Against Your Company"",IF(ISNUMBER(SEARCH(""contract"",I6)),""Contract Dispute Against Your Company"",IF(ISNUMBER(SEARCH(""labor"",I6)),""Labor Dispute Filed Against Your Company"",IF(ISNUMBER(SEARCH(""employment"",I6)),""Labor Dispute Filed Against Your Company"",IF(ISNUMBER(SEARCH(""banking"",I6)),""Banking, Finance & Collections Lawsuit Filed Against Your Company"",IF(ISNUMBER(SEARCH(""landlord"",I6)),""Tenant Dispute Filed Against Your Company"",IF(ISNUMBER(SEARCH(""unfair"",I6)),""Unfair Competition Lawsuit Filed Against Your Company"",IF(ISNUMBER(SEARCH(""intellectual"",I6)),""IP Lawsuit Filed Against Your Company"",IF(ISNUMBER(SEARCH(""FRAUD"",I6)),""Lawsuit Claiming Fraud Filed Against Your Company"",I6))))))))))"
Does 1 Through 10,Corporation Wiki,220 E Central Pkwy,Altamonte Springs,FL,32701,Midland Credit Mangagement Inc v. Timothy Castro,https://www.westlaw.com/Document/IE6DF9412F7BE11EA8C24C7BE4F705CAD/View/FullText.html?navigationPath=Alert%2Fv1%2FlistNavigation%2FDocketAlertNext%2Fi0ad6403c0000017496892283cb90955d%3FtransitionType%3DDocketAlert%26originationContext%3DSearch%2520Result%26contextData%3D%2528sc.DocketAlert%2529%26rank%3D378%26alertGuid%3Di0ad715a600000172e2f6e8f7543ed38e&listSource=Alert&list=DocketAlertNext&rank=378&originationContext=Search%20Result&transitionType=DocketAlert&contextData=%28sc.DocketAlert%29&VR=3.0&RS=cblt1.0&alertGuid=i0ad715a600000172e2f6e8f7543ed38e,"Banking/Finance, Collections",34-2020-00284646,CA Sacramento Super. Ct.,44082.0,"=IF(ISNUMBER(SEARCH(""Balboa Capital"",G7)),""Balboa Capital Lawsuit Against Your Company"",IF(ISNUMBER(SEARCH(""Creditors Adjustment"",G7)),""Creditors Adjustment Bureau Lawsuit Against Your Company"",IF(ISNUMBER(SEARCH(""contract"",I7)),""Contract Dispute Against Your Company"",IF(ISNUMBER(SEARCH(""labor"",I7)),""Labor Dispute Filed Against Your Company"",IF(ISNUMBER(SEARCH(""employment"",I7)),""Labor Dispute Filed Against Your Company"",IF(ISNUMBER(SEARCH(""banking"",I7)),""Banking, Finance & Collections Lawsuit Filed Against Your Company"",IF(ISNUMBER(SEARCH(""landlord"",I7)),""Tenant Dispute Filed Against Your Company"",IF(ISNUMBER(SEARCH(""unfair"",I7)),""Unfair Competition Lawsuit Filed Against Your Company"",IF(ISNUMBER(SEARCH(""intellectual"",I7)),""IP Lawsuit Filed Against Your Company"",IF(ISNUMBER(SEARCH(""FRAUD"",I7)),""Lawsuit Claiming Fraud Filed Against Your Company"",I7))))))))))"
Does 1 Through 10,Corporation Wiki,220 E Central Pkwy,Altamonte Springs,FL,32701,Midland Funding LLC v. Janet Cisneros,https://www.westlaw.com/Document/IE6DF9406F7BE11EA8C24C7BE4F705CAD/View/FullText.html?navigationPath=Alert%2Fv1%2FlistNavigation%2FDocketAlertNext%2Fi0ad6403c0000017496892283cb90955d%3FtransitionType%3DDocketAlert%26originationContext%3DSearch%2520Result%26contextData%3D%2528sc.DocketAlert%2529%26rank%3D403%26alertGuid%3Di0ad715a600000172e2f6e8f7543ed38e&listSource=Alert&list=DocketAlertNext&rank=403&originationContext=Search%20Result&transitionType=DocketAlert&contextData=%28sc.DocketAlert%29&VR=3.0&RS=cblt1.0&alertGuid=i0ad715a600000172e2f6e8f7543ed38e,"Banking/Finance, Collections",34-2020-00284648,CA Sacramento Super. Ct.,44082.0,"=IF(ISNUMBER(SEARCH(""Balboa Capital"",G8)),""Balboa Capital Lawsuit Against Your Company"",IF(ISNUMBER(SEARCH(""Creditors Adjustment"",G8)),""Creditors Adjustment Bureau Lawsuit Against Your Company"",IF(ISNUMBER(SEARCH(""contract"",I8)),""Contract Dispute Against Your Company"",IF(ISNUMBER(SEARCH(""labor"",I8)),""Labor Dispute Filed Against Your Company"",IF(ISNUMBER(SEARCH(""employment"",I8)),""Labor Dispute Filed Against Your Company"",IF(ISNUMBER(SEARCH(""banking"",I8)),""Banking, Finance & Collections Lawsuit Filed Against Your Company"",IF(ISNUMBER(SEARCH(""landlord"",I8)),""Tenant Dispute Filed Against Your Company"",IF(ISNUMBER(SEARCH(""unfair"",I8)),""Unfair Competition Lawsuit Filed Against Your Company"",IF(ISNUMBER(SEARCH(""intellectual"",I8)),""IP Lawsuit Filed Against Your Company"",IF(ISNUMBER(SEARCH(""FRAUD"",I8)),""Lawsuit Claiming Fraud Filed Against Your Company"",I8))))))))))"
Berger Aires Professional Dental Corporation Inc,Corporation Wiki,11299 S Harlan Rd,Lathrop,CA,95330,Nobel Biocare Holding USA Inc v. Berger Aires Professional Dental Corporation Inc,https://www.westlaw.com/Document/I511F522BF7F011EA8C24C7BE4F705CAD/View/FullText.html?navigationPath=Alert%2Fv1%2FlistNavigation%2FDocketAlertNext%2Fi0ad6403c0000017496892283cb90955d%3FtransitionType%3DDocketAlert%26originationContext%3DSearch%2520Result%26contextData%3D%2528sc.DocketAlert%2529%26rank%3D437%26alertGuid%3Di0ad715a600000172e2f6e8f7543ed38e&listSource=Alert&list=DocketAlertNext&rank=437&originationContext=Search%20Result&transitionType=DocketAlert&contextData=%28sc.DocketAlert%29&VR=3.0&RS=cblt1.0&alertGuid=i0ad715a600000172e2f6e8f7543ed38e,"Banking/Finance, Collections",37-2020-00032295-CU-CL-CTL,CA San Diego Super.Ct.,44089.0,"=IF(ISNUMBER(SEARCH(""Balboa Capital"",G9)),""Balboa Capital Lawsuit Against Your Company"",IF(ISNUMBER(SEARCH(""Creditors Adjustment"",G9)),""Creditors Adjustment Bureau Lawsuit Against Your Company"",IF(ISNUMBER(SEARCH(""contract"",I9)),""Contract Dispute Against Your Company"",IF(ISNUMBER(SEARCH(""labor"",I9)),""Labor Dispute Filed Against Your Company"",IF(ISNUMBER(SEARCH(""employment"",I9)),""Labor Dispute Filed Against Your Company"",IF(ISNUMBER(SEARCH(""banking"",I9)),""Banking, Finance & Collections Lawsuit Filed Against Your Company"",IF(ISNUMBER(SEARCH(""landlord"",I9)),""Tenant Dispute Filed Against Your Company"",IF(ISNUMBER(SEARCH(""unfair"",I9)),""Unfair Competition Lawsuit Filed Against Your Company"",IF(ISNUMBER(SEARCH(""intellectual"",I9)),""IP Lawsuit Filed Against Your Company"",IF(ISNUMBER(SEARCH(""FRAUD"",I9)),""Lawsuit Claiming Fraud Filed Against Your Company"",I9))))))))))"
"Furniture & Beyond, Inc.",Cortera,1845 Grand Ave,Phoenix,AZ,85007-1811,"ON DECK CAPITAL, INC. V. FURNITURE & BEYOND, INC.",https://www.westlaw.com/Document/IB6C1D2DDF7D211EAA4A6DA07B08DE5CD/View/FullText.html?navigationPath=Alert%2Fv1%2FlistNavigation%2FDocketAlertNext%2Fi0ad6403c0000017496892283cb90955d%3FtransitionType%3DDocketAlert%26originationContext%3DSearch%2520Result%26contextData%3D%2528sc.DocketAlert%2529%26rank%3D440%26alertGuid%3Di0ad715a600000172e2f6e8f7543ed38e&listSource=Alert&list=DocketAlertNext&rank=440&originationContext=Search%20Result&transitionType=DocketAlert&contextData=%28sc.DocketAlert%29&VR=3.0&RS=cblt1.0&alertGuid=i0ad715a600000172e2f6e8f7543ed38e,"BANKING/FINANCE, COLLECTIONS",30-2020-01160308-CU-CL-CJC,CA ORANGE SUPER. CT.,44089.0,"=IF(ISNUMBER(SEARCH(""Balboa Capital"",G10)),""Balboa Capital Lawsuit Against Your Company"",IF(ISNUMBER(SEARCH(""Creditors Adjustment"",G10)),""Creditors Adjustment Bureau Lawsuit Against Your Company"",IF(ISNUMBER(SEARCH(""contract"",I10)),""Contract Dispute Against Your Company"",IF(ISNUMBER(SEARCH(""labor"",I10)),""Labor Dispute Filed Against Your Company"",IF(ISNUMBER(SEARCH(""employment"",I10)),""Labor Dispute Filed Against Your Company"",IF(ISNUMBER(SEARCH(""banking"",I10)),""Banking, Finance & Collections Lawsuit Filed Against Your Company"",IF(ISNUMBER(SEARCH(""landlord"",I10)),""Tenant Dispute Filed Against Your Company"",IF(ISNUMBER(SEARCH(""unfair"",I10)),""Unfair Competition Lawsuit Filed Against Your Company"",IF(ISNUMBER(SEARCH(""intellectual"",I10)),""IP Lawsuit Filed Against Your Company"",IF(ISNUMBER(SEARCH(""FRAUD"",I10)),""Lawsuit Claiming Fraud Filed Against Your Company"",I10))))))))))"
Wichinne M Pruk Hall,Corporation Wiki,2415 1st Ave,Sacramento,CA,95818,"Wells Fargo Bank, N.A. v. Wichinne M Pruk Hall",https://www.westlaw.com/Document/IA348E2CEF7DC11EAB1FAF5A0AEE61CE8/View/FullText.html?navigationPath=Alert%2Fv1%2FlistNavigation%2FDocketAlertNext%2Fi0ad6403c0000017496902027cb909e52%3FtransitionType%3DDocketAlert%26originationContext%3DSearch%2520Result%26contextData%3D%2528sc.DocketAlert%2529%26rank%3D178%26alertGuid%3Di0ad606680000016d19c6dc1be05dfd3e&listSource=Alert&list=DocketAlertNext&rank=178&originationContext=Search%20Result&transitionType=DocketAlert&contextData=%28sc.DocketAlert%29&VR=3.0&RS=cblt1.0&alertGuid=i0ad606680000016d19c6dc1be05dfd3e,"Banking/Finance, Collections",STK-CV-LCCR-2020-0007641,CA San Joaquin Super. Ct.,44088.0,"=IF(ISNUMBER(SEARCH(""Balboa Capital"",G11)),""Balboa Capital Lawsuit Against Your Company"",IF(ISNUMBER(SEARCH(""Creditors Adjustment"",G11)),""Creditors Adjustment Bureau Lawsuit Against Your Company"",IF(ISNUMBER(SEARCH(""contract"",I11)),""Contract Dispute Against Your Company"",IF(ISNUMBER(SEARCH(""labor"",I11)),""Labor Dispute Filed Against Your Company"",IF(ISNUMBER(SEARCH(""employment"",I11)),""Labor Dispute Filed Against Your Company"",IF(ISNUMBER(SEARCH(""banking"",I11)),""Banking, Finance & Collections Lawsuit Filed Against Your Company"",IF(ISNUMBER(SEARCH(""landlord"",I11)),""Tenant Dispute Filed Against Your Company"",IF(ISNUMBER(SEARCH(""unfair"",I11)),""Unfair Competition Lawsuit Filed Against Your Company"",IF(ISNUMBER(SEARCH(""intellectual"",I11)),""IP Lawsuit Filed Against Your Company"",IF(ISNUMBER(SEARCH(""FRAUD"",I11)),""Lawsuit Claiming Fraud Filed Against Your Company"",I11))))))))))"
Does 1 To 10,Corporation Wiki,436 Walnut St,Philadelphia,PA,19106,Cavalry SPV I LLC as assignee of v. Jose A Corona,https://www.westlaw.com/Document/IE6DF93FAF7BE11EA8C24C7BE4F705CAD/View/FullText.html?navigationPath=Alert%2Fv1%2FlistNavigation%2FDocketAlertNext%2Fi0ad6403c0000017496902027cb909e52%3FtransitionType%3DDocketAlert%26originationContext%3DSearch%2520Result%26contextData%3D%2528sc.DocketAlert%2529%26rank%3D345%26alertGuid%3Di0ad606680000016d19c6dc1be05dfd3e&listSource=Alert&list=DocketAlertNext&rank=345&originationContext=Search%20Result&transitionType=DocketAlert&contextData=%28sc.DocketAlert%29&VR=3.0&RS=cblt1.0&alertGuid=i0ad606680000016d19c6dc1be05dfd3e,"Banking/Finance, Collections",34-2020-00284650,CA Sacramento Super. Ct.,44082.0,"=IF(ISNUMBER(SEARCH(""Balboa Capital"",G12)),""Balboa Capital Lawsuit Against Your Company"",IF(ISNUMBER(SEARCH(""Creditors Adjustment"",G12)),""Creditors Adjustment Bureau Lawsuit Against Your Company"",IF(ISNUMBER(SEARCH(""contract"",I12)),""Contract Dispute Against Your Company"",IF(ISNUMBER(SEARCH(""labor"",I12)),""Labor Dispute Filed Against Your Company"",IF(ISNUMBER(SEARCH(""employment"",I12)),""Labor Dispute Filed Against Your Company"",IF(ISNUMBER(SEARCH(""banking"",I12)),""Banking, Finance & Collections Lawsuit Filed Against Your Company"",IF(ISNUMBER(SEARCH(""landlord"",I12)),""Tenant Dispute Filed Against Your Company"",IF(ISNUMBER(SEARCH(""unfair"",I12)),""Unfair Competition Lawsuit Filed Against Your Company"",IF(ISNUMBER(SEARCH(""intellectual"",I12)),""IP Lawsuit Filed Against Your Company"",IF(ISNUMBER(SEARCH(""FRAUD"",I12)),""Lawsuit Claiming Fraud Filed Against Your Company"",I12))))))))))"
Does 1 Through 10,Corporation Wiki,200 W Forsyth St,Jacksonville,FL,32202,Midland Credit Mangagement Inc v. Timothy Castro,https://www.westlaw.com/Document/IE6DF9412F7BE11EA8C24C7BE4F705CAD/View/FullText.html?navigationPath=Alert%2Fv1%2FlistNavigation%2FDocketAlertNext%2Fi0ad6403c0000017496902027cb909e52%3FtransitionType%3DDocketAlert%26originationContext%3DSearch%2520Result%26contextData%3D%2528sc.DocketAlert%2529%26rank%3D370%26alertGuid%3Di0ad606680000016d19c6dc1be05dfd3e&listSource=Alert&list=DocketAlertNext&rank=370&originationContext=Search%20Result&transitionType=DocketAlert&contextData=%28sc.DocketAlert%29&VR=3.0&RS=cblt1.0&alertGuid=i0ad606680000016d19c6dc1be05dfd3e,"Banking/Finance, Collections",34-2020-00284646,CA Sacramento Super. Ct.,44082.0,"=IF(ISNUMBER(SEARCH(""Balboa Capital"",G13)),""Balboa Capital Lawsuit Against Your Company"",IF(ISNUMBER(SEARCH(""Creditors Adjustment"",G13)),""Creditors Adjustment Bureau Lawsuit Against Your Company"",IF(ISNUMBER(SEARCH(""contract"",I13)),""Contract Dispute Against Your Company"",IF(ISNUMBER(SEARCH(""labor"",I13)),""Labor Dispute Filed Against Your Company"",IF(ISNUMBER(SEARCH(""employment"",I13)),""Labor Dispute Filed Against Your Company"",IF(ISNUMBER(SEARCH(""banking"",I13)),""Banking, Finance & Collections Lawsuit Filed Against Your Company"",IF(ISNUMBER(SEARCH(""landlord"",I13)),""Tenant Dispute Filed Against Your Company"",IF(ISNUMBER(SEARCH(""unfair"",I13)),""Unfair Competition Lawsuit Filed Against Your Company"",IF(ISNUMBER(SEARCH(""intellectual"",I13)),""IP Lawsuit Filed Against Your Company"",IF(ISNUMBER(SEARCH(""FRAUD"",I13)),""Lawsuit Claiming Fraud Filed Against Your Company"",I13))))))))))"
Does 1 Through 10,Corporation Wiki,1525 McCarthy Blvd,Milpitas,CA,95035,Midland Funding LLC v. Janet Cisneros,https://www.westlaw.com/Document/IE6DF9406F7BE11EA8C24C7BE4F705CAD/View/FullText.html?navigationPath=Alert%2Fv1%2FlistNavigation%2FDocketAlertNext%2Fi0ad6403c0000017496902027cb909e52%3FtransitionType%3DDocketAlert%26originationContext%3DSearch%2520Result%26contextData%3D%2528sc.DocketAlert%2529%26rank%3D374%26alertGuid%3Di0ad606680000016d19c6dc1be05dfd3e&listSource=Alert&list=DocketAlertNext&rank=374&originationContext=Search%20Result&transitionType=DocketAlert&contextData=%28sc.DocketAlert%29&VR=3.0&RS=cblt1.0&alertGuid=i0ad606680000016d19c6dc1be05dfd3e,"Banking/Finance, Collections",34-2020-00284648,CA Sacramento Super. Ct.,44082.0,"=IF(ISNUMBER(SEARCH(""Balboa Capital"",G14)),""Balboa Capital Lawsuit Against Your Company"",IF(ISNUMBER(SEARCH(""Creditors Adjustment"",G14)),""Creditors Adjustment Bureau Lawsuit Against Your Company"",IF(ISNUMBER(SEARCH(""contract"",I14)),""Contract Dispute Against Your Company"",IF(ISNUMBER(SEARCH(""labor"",I14)),""Labor Dispute Filed Against Your Company"",IF(ISNUMBER(SEARCH(""employment"",I14)),""Labor Dispute Filed Against Your Company"",IF(ISNUMBER(SEARCH(""banking"",I14)),""Banking, Finance & Collections Lawsuit Filed Against Your Company"",IF(ISNUMBER(SEARCH(""landlord"",I14)),""Tenant Dispute Filed Against Your Company"",IF(ISNUMBER(SEARCH(""unfair"",I14)),""Unfair Competition Lawsuit Filed Against Your Company"",IF(ISNUMBER(SEARCH(""intellectual"",I14)),""IP Lawsuit Filed Against Your Company"",IF(ISNUMBER(SEARCH(""FRAUD"",I14)),""Lawsuit Claiming Fraud Filed Against Your Company"",I14))))))))))"
Does 1 Through 50,Corporation Wiki,700 Van Ness Ave,Torrance,CA,90501,"Meola et al v. Compass Group USA, Inc. et al",https://www.westlaw.com/Document/I4497741EF88011EAA4A6DA07B08DE5CD/View/FullText.html?navigationPath=Alert%2Fv1%2FlistNavigation%2FDocketAlertNext%2Fi0ad84c0e000001749ba74b6953b6d83f%3FtransitionType%3DDocketAlert%26originationContext%3DSearch%2520Result%26contextData%3D%2528sc.DocketAlert%2529%26rank%3D15%26alertGuid%3Di0ad61c1200000160d7977b89876a7277&listSource=Alert&list=DocketAlertNext&rank=15&originationContext=Search%20Result&transitionType=DocketAlert&contextData=%28sc.DocketAlert%29&VR=3.0&RS=cblt1.0&alertGuid=i0ad61c1200000160d7977b89876a7277,Class Action,3:20-CV-01829,"CA U.S. Dist. Ct., South",44090.0,"=IF(ISNUMBER(SEARCH(""Balboa Capital"",G15)),""Balboa Capital Lawsuit Against Your Company"",IF(ISNUMBER(SEARCH(""Creditors Adjustment"",G15)),""Creditors Adjustment Bureau Lawsuit Against Your Company"",IF(ISNUMBER(SEARCH(""contract"",I15)),""Contract Dispute Against Your Company"",IF(ISNUMBER(SEARCH(""labor"",I15)),""Labor Dispute Filed Against Your Company"",IF(ISNUMBER(SEARCH(""employment"",I15)),""Labor Dispute Filed Against Your Company"",IF(ISNUMBER(SEARCH(""banking"",I15)),""Banking, Finance & Collections Lawsuit Filed Against Your Company"",IF(ISNUMBER(SEARCH(""landlord"",I15)),""Tenant Dispute Filed Against Your Company"",IF(ISNUMBER(SEARCH(""unfair"",I15)),""Unfair Competition Lawsuit Filed Against Your Company"",IF(ISNUMBER(SEARCH(""intellectual"",I15)),""IP Lawsuit Filed Against Your Company"",IF(ISNUMBER(SEARCH(""FRAUD"",I15)),""Lawsuit Claiming Fraud Filed Against Your Company"",I15))))))))))"
Cigna Health And Life Insurance Company,Corporation Wiki,601 S Figueroa St,Los Angeles,CA,90017,Adrian Avila v. Cigna Health and Life Insurance,https://www.westlaw.com/Document/I54C4CF77F62811EAAF3CEDF8C55E6C34/View/FullText.html?navigationPath=Alert%2Fv1%2FlistNavigation%2FDocketAlertNext%2Fi0ad6404100000174915888db39a01c3c%3FtransitionType%3DDocketAlert%26originationContext%3DSearch%2520Result%26contextData%3D%2528sc.DocketAlert%2529%26rank%3D1%26alertGuid%3Di0ad61c1200000160d7977b89876a7277&listSource=Alert&list=DocketAlertNext&rank=1&originationContext=Search%20Result&transitionType=DocketAlert&contextData=%28sc.DocketAlert%29&VR=3.0&RS=cblt1.0&alertGuid=i0ad61c1200000160d7977b89876a7277,Class Action,1:20-CV-01304,"CA U.S. Dist. Ct., East",44085.0,"=IF(ISNUMBER(SEARCH(""Balboa Capital"",G16)),""Balboa Capital Lawsuit Against Your Company"",IF(ISNUMBER(SEARCH(""Creditors Adjustment"",G16)),""Creditors Adjustment Bureau Lawsuit Against Your Company"",IF(ISNUMBER(SEARCH(""contract"",I16)),""Contract Dispute Against Your Company"",IF(ISNUMBER(SEARCH(""labor"",I16)),""Labor Dispute Filed Against Your Company"",IF(ISNUMBER(SEARCH(""employment"",I16)),""Labor Dispute Filed Against Your Company"",IF(ISNUMBER(SEARCH(""banking"",I16)),""Banking, Finance & Collections Lawsuit Filed Against Your Company"",IF(ISNUMBER(SEARCH(""landlord"",I16)),""Tenant Dispute Filed Against Your Company"",IF(ISNUMBER(SEARCH(""unfair"",I16)),""Unfair Competition Lawsuit Filed Against Your Company"",IF(ISNUMBER(SEARCH(""intellectual"",I16)),""IP Lawsuit Filed Against Your Company"",IF(ISNUMBER(SEARCH(""FRAUD"",I16)),""Lawsuit Claiming Fraud Filed Against Your Company"",I16))))))))))"
"Customized Services Administrators, Inc.",Corporation Wiki,621 Williams St,San Leandro,CA,94577,Young v. Generali U.S. Branch et al,https://www.westlaw.com/Document/ICA12B0A5F6CA11EAAF3CEDF8C55E6C34/View/FullText.html?navigationPath=Alert%2Fv1%2FlistNavigation%2FDocketAlertNext%2Fi0ad6404100000174915888db39a01c3c%3FtransitionType%3DDocketAlert%26originationContext%3DSearch%2520Result%26contextData%3D%2528sc.DocketAlert%2529%26rank%3D21%26alertGuid%3Di0ad61c1200000160d7977b89876a7277&listSource=Alert&list=DocketAlertNext&rank=21&originationContext=Search%20Result&transitionType=DocketAlert&contextData=%28sc.DocketAlert%29&VR=3.0&RS=cblt1.0&alertGuid=i0ad61c1200000160d7977b89876a7277,Class Action,3:20-CV-01804,"CA U.S. Dist. Ct., South",44088.0,"=IF(ISNUMBER(SEARCH(""Balboa Capital"",G17)),""Balboa Capital Lawsuit Against Your Company"",IF(ISNUMBER(SEARCH(""Creditors Adjustment"",G17)),""Creditors Adjustment Bureau Lawsuit Against Your Company"",IF(ISNUMBER(SEARCH(""contract"",I17)),""Contract Dispute Against Your Company"",IF(ISNUMBER(SEARCH(""labor"",I17)),""Labor Dispute Filed Against Your Company"",IF(ISNUMBER(SEARCH(""employment"",I17)),""Labor Dispute Filed Against Your Company"",IF(ISNUMBER(SEARCH(""banking"",I17)),""Banking, Finance & Collections Lawsuit Filed Against Your Company"",IF(ISNUMBER(SEARCH(""landlord"",I17)),""Tenant Dispute Filed Against Your Company"",IF(ISNUMBER(SEARCH(""unfair"",I17)),""Unfair Competition Lawsuit Filed Against Your Company"",IF(ISNUMBER(SEARCH(""intellectual"",I17)),""IP Lawsuit Filed Against Your Company"",IF(ISNUMBER(SEARCH(""FRAUD"",I17)),""Lawsuit Claiming Fraud Filed Against Your Company"",I17))))))))))"
J. 1 Roe,Corporation Wiki,2415 1st Ave,Sacramento,CA,95818,Astre v. Roe,https://www.westlaw.com/Document/I1AD5DD20F89511EA8C24C7BE4F705CAD/View/FullText.html?navigationPath=Alert%2Fv1%2FlistNavigation%2FDocketAlertNext%2Fi0ad84c19000001749b9a2f7258cac657%3FtransitionType%3DDocketAlert%26originationContext%3DSearch%2520Result%26contextData%3D%2528sc.DocketAlert%2529%26rank%3D1%26alertGuid%3Di0ad60f7700000160d78e42898c1447b6&listSource=Alert&list=DocketAlertNext&rank=1&originationContext=Search%20Result&transitionType=DocketAlert&contextData=%28sc.DocketAlert%29&VR=3.0&RS=cblt1.0&alertGuid=i0ad60f7700000160d78e42898c1447b6,Contracts,RG20073647,CA Alameda Super. Ct.,44089.0,"=IF(ISNUMBER(SEARCH(""Balboa Capital"",G18)),""Balboa Capital Lawsuit Against Your Company"",IF(ISNUMBER(SEARCH(""Creditors Adjustment"",G18)),""Creditors Adjustment Bureau Lawsuit Against Your Company"",IF(ISNUMBER(SEARCH(""contract"",I18)),""Contract Dispute Against Your Company"",IF(ISNUMBER(SEARCH(""labor"",I18)),""Labor Dispute Filed Against Your Company"",IF(ISNUMBER(SEARCH(""employment"",I18)),""Labor Dispute Filed Against Your Company"",IF(ISNUMBER(SEARCH(""banking"",I18)),""Banking, Finance & Collections Lawsuit Filed Against Your Company"",IF(ISNUMBER(SEARCH(""landlord"",I18)),""Tenant Dispute Filed Against Your Company"",IF(ISNUMBER(SEARCH(""unfair"",I18)),""Unfair Competition Lawsuit Filed Against Your Company"",IF(ISNUMBER(SEARCH(""intellectual"",I18)),""IP Lawsuit Filed Against Your Company"",IF(ISNUMBER(SEARCH(""FRAUD"",I18)),""Lawsuit Claiming Fraud Filed Against Your Company"",I18))))))))))"
Philadelphia Indemnity Insurance Company,Corporation Wiki,671 N Glebe Rd,Arlington,VA,22203,Fuller v. US Motors Inc,https://www.westlaw.com/Document/I511F79C6F7F011EA8C24C7BE4F705CAD/View/FullText.html?navigationPath=Alert%2Fv1%2FlistNavigation%2FDocketAlertNext%2Fi0ad6403c0000017496902027cb909e52%3FtransitionType%3DDocketAlert%26originationContext%3DSearch%2520Result%26contextData%3D%2528sc.DocketAlert%2529%26rank%3D206%26alertGuid%3Di0ad606680000016d19c6dc1be05dfd3e&listSource=Alert&list=DocketAlertNext&rank=206&originationContext=Search%20Result&transitionType=DocketAlert&contextData=%28sc.DocketAlert%29&VR=3.0&RS=cblt1.0&alertGuid=i0ad606680000016d19c6dc1be05dfd3e,Contracts,37-2020-00032110-CU-CO-CTL,CA San Diego Super.Ct.,44088.0,"=IF(ISNUMBER(SEARCH(""Balboa Capital"",G19)),""Balboa Capital Lawsuit Against Your Company"",IF(ISNUMBER(SEARCH(""Creditors Adjustment"",G19)),""Creditors Adjustment Bureau Lawsuit Against Your Company"",IF(ISNUMBER(SEARCH(""contract"",I19)),""Contract Dispute Against Your Company"",IF(ISNUMBER(SEARCH(""labor"",I19)),""Labor Dispute Filed Against Your Company"",IF(ISNUMBER(SEARCH(""employment"",I19)),""Labor Dispute Filed Against Your Company"",IF(ISNUMBER(SEARCH(""banking"",I19)),""Banking, Finance & Collections Lawsuit Filed Against Your Company"",IF(ISNUMBER(SEARCH(""landlord"",I19)),""Tenant Dispute Filed Against Your Company"",IF(ISNUMBER(SEARCH(""unfair"",I19)),""Unfair Competition Lawsuit Filed Against Your Company"",IF(ISNUMBER(SEARCH(""intellectual"",I19)),""IP Lawsuit Filed Against Your Company"",IF(ISNUMBER(SEARCH(""FRAUD"",I19)),""Lawsuit Claiming Fraud Filed Against Your Company"",I19))))))))))"
Philadelphia Indemnity Insurance Company,Corporation Wiki,1525 McCarthy Blvd,Milpitas,CA,95035,Fuller v. US Motors Inc,https://www.westlaw.com/Document/I511F79C6F7F011EA8C24C7BE4F705CAD/View/FullText.html?navigationPath=Alert%2Fv1%2FlistNavigation%2FDocketAlertNext%2Fi0ad64041000001749699c5499ac873e5%3FtransitionType%3DDocketAlert%26originationContext%3DSearch%2520Result%26contextData%3D%2528sc.DocketAlert%2529%26rank%3D67%26alertGuid%3Di0ad606da00000172c6624f284bf67555&listSource=Alert&list=DocketAlertNext&rank=67&originationContext=Search%20Result&transitionType=DocketAlert&contextData=%28sc.DocketAlert%29&VR=3.0&RS=cblt1.0&alertGuid=i0ad606da00000172c6624f284bf67555,Contracts,37-2020-00032110-CU-CO-CTL,CA San Diego Super.Ct.,44088.0,"=IF(ISNUMBER(SEARCH(""Balboa Capital"",G20)),""Balboa Capital Lawsuit Against Your Company"",IF(ISNUMBER(SEARCH(""Creditors Adjustment"",G20)),""Creditors Adjustment Bureau Lawsuit Against Your Company"",IF(ISNUMBER(SEARCH(""contract"",I20)),""Contract Dispute Against Your Company"",IF(ISNUMBER(SEARCH(""labor"",I20)),""Labor Dispute Filed Against Your Company"",IF(ISNUMBER(SEARCH(""employment"",I20)),""Labor Dispute Filed Against Your Company"",IF(ISNUMBER(SEARCH(""banking"",I20)),""Banking, Finance & Collections Lawsuit Filed Against Your Company"",IF(ISNUMBER(SEARCH(""landlord"",I20)),""Tenant Dispute Filed Against Your Company"",IF(ISNUMBER(SEARCH(""unfair"",I20)),""Unfair Competition Lawsuit Filed Against Your Company"",IF(ISNUMBER(SEARCH(""intellectual"",I20)),""IP Lawsuit Filed Against Your Company"",IF(ISNUMBER(SEARCH(""FRAUD"",I20)),""Lawsuit Claiming Fraud Filed Against Your Company"",I20))))))))))"
"Eva Meyer, Executor Of The Estate Of Peter Meyer, Deceased",Corporation Wiki,436 Walnut St,Philadelphia,PA,19106,"Meggin Harmon v. Eva Meyer, Executor Of The Estate Of Peter Meyer, Deceased",https://www.westlaw.com/Document/I421A17E7F7D211EAB1FAF5A0AEE61CE8/View/FullText.html?navigationPath=Alert%2Fv1%2FlistNavigation%2FDocketAlertNext%2Fi0ad64041000001749699c5499ac873e5%3FtransitionType%3DDocketAlert%26originationContext%3DSearch%2520Result%26contextData%3D%2528sc.DocketAlert%2529%26rank%3D133%26alertGuid%3Di0ad606da00000172c6624f284bf67555&listSource=Alert&list=DocketAlertNext&rank=133&originationContext=Search%20Result&transitionType=DocketAlert&contextData=%28sc.DocketAlert%29&VR=3.0&RS=cblt1.0&alertGuid=i0ad606da00000172c6624f284bf67555,Contracts,20CV01909,CA Santa Cruz Super. CT.,44089.0,"=IF(ISNUMBER(SEARCH(""Balboa Capital"",G21)),""Balboa Capital Lawsuit Against Your Company"",IF(ISNUMBER(SEARCH(""Creditors Adjustment"",G21)),""Creditors Adjustment Bureau Lawsuit Against Your Company"",IF(ISNUMBER(SEARCH(""contract"",I21)),""Contract Dispute Against Your Company"",IF(ISNUMBER(SEARCH(""labor"",I21)),""Labor Dispute Filed Against Your Company"",IF(ISNUMBER(SEARCH(""employment"",I21)),""Labor Dispute Filed Against Your Company"",IF(ISNUMBER(SEARCH(""banking"",I21)),""Banking, Finance & Collections Lawsuit Filed Against Your Company"",IF(ISNUMBER(SEARCH(""landlord"",I21)),""Tenant Dispute Filed Against Your Company"",IF(ISNUMBER(SEARCH(""unfair"",I21)),""Unfair Competition Lawsuit Filed Against Your Company"",IF(ISNUMBER(SEARCH(""intellectual"",I21)),""IP Lawsuit Filed Against Your Company"",IF(ISNUMBER(SEARCH(""FRAUD"",I21)),""Lawsuit Claiming Fraud Filed Against Your Company"",I21))))))))))"
Andrew V Plummer Iv,Corporation Wiki,621 Williams St,San Leandro,CA,94577,"King, Court J v. Plummer, Andrew V, IV",https://www.westlaw.com/Document/IB848E087F8A411EAAF3CEDF8C55E6C34/View/FullText.html?navigationPath=Alert%2Fv1%2FlistNavigation%2FDocketAlertNext%2Fi0ad84c19000001749b9a2f7258cac657%3FtransitionType%3DDocketAlert%26originationContext%3DSearch%2520Result%26contextData%3D%2528sc.DocketAlert%2529%26rank%3D41%26alertGuid%3Di0ad60f7700000160d78e42898c1447b6&listSource=Alert&list=DocketAlertNext&rank=41&originationContext=Search%20Result&transitionType=DocketAlert&contextData=%28sc.DocketAlert%29&VR=3.0&RS=cblt1.0&alertGuid=i0ad60f7700000160d78e42898c1447b6,"Contracts, Breach of Contract",20CV01374,CA Butte Super. Ct.,44026.0,"=IF(ISNUMBER(SEARCH(""Balboa Capital"",G22)),""Balboa Capital Lawsuit Against Your Company"",IF(ISNUMBER(SEARCH(""Creditors Adjustment"",G22)),""Creditors Adjustment Bureau Lawsuit Against Your Company"",IF(ISNUMBER(SEARCH(""contract"",I22)),""Contract Dispute Against Your Company"",IF(ISNUMBER(SEARCH(""labor"",I22)),""Labor Dispute Filed Against Your Company"",IF(ISNUMBER(SEARCH(""employment"",I22)),""Labor Dispute Filed Against Your Company"",IF(ISNUMBER(SEARCH(""banking"",I22)),""Banking, Finance & Collections Lawsuit Filed Against Your Company"",IF(ISNUMBER(SEARCH(""landlord"",I22)),""Tenant Dispute Filed Against Your Company"",IF(ISNUMBER(SEARCH(""unfair"",I22)),""Unfair Competition Lawsuit Filed Against Your Company"",IF(ISNUMBER(SEARCH(""intellectual"",I22)),""IP Lawsuit Filed Against Your Company"",IF(ISNUMBER(SEARCH(""FRAUD"",I22)),""Lawsuit Claiming Fraud Filed Against Your Company"",I22))))))))))"
"Suretec Insurance Company, A Texas Corporation",Corporation Wiki,PO Box 7500,Johnston,RI,02919,"Calportland Company, a California Corporation v. Niche Builders, Inc., a California corporation dba Capomastro et al.",https://www.westlaw.com/Document/IA348BDF5F7DC11EAB1FAF5A0AEE61CE8/View/FullText.html?navigationPath=Alert%2Fv1%2FlistNavigation%2FDocketAlertNext%2Fi0ad6403c0000017496902027cb909e52%3FtransitionType%3DDocketAlert%26originationContext%3DSearch%2520Result%26contextData%3D%2528sc.DocketAlert%2529%26rank%3D102%26alertGuid%3Di0ad606680000016d19c6dc1be05dfd3e&listSource=Alert&list=DocketAlertNext&rank=102&originationContext=Search%20Result&transitionType=DocketAlert&contextData=%28sc.DocketAlert%29&VR=3.0&RS=cblt1.0&alertGuid=i0ad606680000016d19c6dc1be05dfd3e,"Contracts, Breach of Contract",STK-CV-UBC-2020-0007624,CA San Joaquin Super. Ct.,44088.0,"=IF(ISNUMBER(SEARCH(""Balboa Capital"",G23)),""Balboa Capital Lawsuit Against Your Company"",IF(ISNUMBER(SEARCH(""Creditors Adjustment"",G23)),""Creditors Adjustment Bureau Lawsuit Against Your Company"",IF(ISNUMBER(SEARCH(""contract"",I23)),""Contract Dispute Against Your Company"",IF(ISNUMBER(SEARCH(""labor"",I23)),""Labor Dispute Filed Against Your Company"",IF(ISNUMBER(SEARCH(""employment"",I23)),""Labor Dispute Filed Against Your Company"",IF(ISNUMBER(SEARCH(""banking"",I23)),""Banking, Finance & Collections Lawsuit Filed Against Your Company"",IF(ISNUMBER(SEARCH(""landlord"",I23)),""Tenant Dispute Filed Against Your Company"",IF(ISNUMBER(SEARCH(""unfair"",I23)),""Unfair Competition Lawsuit Filed Against Your Company"",IF(ISNUMBER(SEARCH(""intellectual"",I23)),""IP Lawsuit Filed Against Your Company"",IF(ISNUMBER(SEARCH(""FRAUD"",I23)),""Lawsuit Claiming Fraud Filed Against Your Company"",I23))))))))))"
"Dot Truck Sales, Llc",Corporation Wiki,201 N Washington Ave,Wellington,KS,67152,John Whitfield v. Freedom Shield Warranty et al.,https://www.westlaw.com/Document/IA348BDEEF7DC11EAB1FAF5A0AEE61CE8/View/FullText.html?navigationPath=Alert%2Fv1%2FlistNavigation%2FDocketAlertNext%2Fi0ad6403c0000017496902027cb909e52%3FtransitionType%3DDocketAlert%26originationContext%3DSearch%2520Result%26contextData%3D%2528sc.DocketAlert%2529%26rank%3D133%26alertGuid%3Di0ad606680000016d19c6dc1be05dfd3e&listSource=Alert&list=DocketAlertNext&rank=133&originationContext=Search%20Result&transitionType=DocketAlert&contextData=%28sc.DocketAlert%29&VR=3.0&RS=cblt1.0&alertGuid=i0ad606680000016d19c6dc1be05dfd3e,"Contracts, Breach of Contract",STK-CV-UBC-2020-0007668,CA San Joaquin Super. Ct.,44088.0,"=IF(ISNUMBER(SEARCH(""Balboa Capital"",G24)),""Balboa Capital Lawsuit Against Your Company"",IF(ISNUMBER(SEARCH(""Creditors Adjustment"",G24)),""Creditors Adjustment Bureau Lawsuit Against Your Company"",IF(ISNUMBER(SEARCH(""contract"",I24)),""Contract Dispute Against Your Company"",IF(ISNUMBER(SEARCH(""labor"",I24)),""Labor Dispute Filed Against Your Company"",IF(ISNUMBER(SEARCH(""employment"",I24)),""Labor Dispute Filed Against Your Company"",IF(ISNUMBER(SEARCH(""banking"",I24)),""Banking, Finance & Collections Lawsuit Filed Against Your Company"",IF(ISNUMBER(SEARCH(""landlord"",I24)),""Tenant Dispute Filed Against Your Company"",IF(ISNUMBER(SEARCH(""unfair"",I24)),""Unfair Competition Lawsuit Filed Against Your Company"",IF(ISNUMBER(SEARCH(""intellectual"",I24)),""IP Lawsuit Filed Against Your Company"",IF(ISNUMBER(SEARCH(""FRAUD"",I24)),""Lawsuit Claiming Fraud Filed Against Your Company"",I24))))))))))"
"Suretec Insurance Company, A Texas Corporation",Corporation Wiki,100 SE 2nd St,Miami,FL,33131,"Calportland Company, a California Corporation v. Niche Builders, Inc., a California corporation dba Capomastro et al.",https://www.westlaw.com/Document/IA348BDF5F7DC11EAB1FAF5A0AEE61CE8/View/FullText.html?navigationPath=Alert%2Fv1%2FlistNavigation%2FDocketAlertNext%2Fi0ad64041000001749699c5499ac873e5%3FtransitionType%3DDocketAlert%26originationContext%3DSearch%2520Result%26contextData%3D%2528sc.DocketAlert%2529%26rank%3D31%26alertGuid%3Di0ad606da00000172c6624f284bf67555&listSource=Alert&list=DocketAlertNext&rank=31&originationContext=Search%20Result&transitionType=DocketAlert&contextData=%28sc.DocketAlert%29&VR=3.0&RS=cblt1.0&alertGuid=i0ad606da00000172c6624f284bf67555,"Contracts, Breach of Contract",STK-CV-UBC-2020-0007624,CA San Joaquin Super. Ct.,44088.0,"=IF(ISNUMBER(SEARCH(""Balboa Capital"",G25)),""Balboa Capital Lawsuit Against Your Company"",IF(ISNUMBER(SEARCH(""Creditors Adjustment"",G25)),""Creditors Adjustment Bureau Lawsuit Against Your Company"",IF(ISNUMBER(SEARCH(""contract"",I25)),""Contract Dispute Against Your Company"",IF(ISNUMBER(SEARCH(""labor"",I25)),""Labor Dispute Filed Against Your Company"",IF(ISNUMBER(SEARCH(""employment"",I25)),""Labor Dispute Filed Against Your Company"",IF(ISNUMBER(SEARCH(""banking"",I25)),""Banking, Finance & Collections Lawsuit Filed Against Your Company"",IF(ISNUMBER(SEARCH(""landlord"",I25)),""Tenant Dispute Filed Against Your Company"",IF(ISNUMBER(SEARCH(""unfair"",I25)),""Unfair Competition Lawsuit Filed Against Your Company"",IF(ISNUMBER(SEARCH(""intellectual"",I25)),""IP Lawsuit Filed Against Your Company"",IF(ISNUMBER(SEARCH(""FRAUD"",I25)),""Lawsuit Claiming Fraud Filed Against Your Company"",I25))))))))))"
General Motors Llc,Corporation Wiki,718 E Main St,Ionia,MI,48846,Contreras v. General Motors LLC,https://www.westlaw.com/Document/I1AD5DE28F89511EA8C24C7BE4F705CAD/View/FullText.html?navigationPath=Alert%2Fv1%2FlistNavigation%2FDocketAlertNext%2Fi0ad84c19000001749b9a2f7258cac657%3FtransitionType%3DDocketAlert%26originationContext%3DSearch%2520Result%26contextData%3D%2528sc.DocketAlert%2529%26rank%3D8%26alertGuid%3Di0ad60f7700000160d78e42898c1447b6&listSource=Alert&list=DocketAlertNext&rank=8&originationContext=Search%20Result&transitionType=DocketAlert&contextData=%28sc.DocketAlert%29&VR=3.0&RS=cblt1.0&alertGuid=i0ad60f7700000160d78e42898c1447b6,"Contracts, Breach of Warranty",HG20073633,CA Alameda Super. Ct.,44088.0,"=IF(ISNUMBER(SEARCH(""Balboa Capital"",G26)),""Balboa Capital Lawsuit Against Your Company"",IF(ISNUMBER(SEARCH(""Creditors Adjustment"",G26)),""Creditors Adjustment Bureau Lawsuit Against Your Company"",IF(ISNUMBER(SEARCH(""contract"",I26)),""Contract Dispute Against Your Company"",IF(ISNUMBER(SEARCH(""labor"",I26)),""Labor Dispute Filed Against Your Company"",IF(ISNUMBER(SEARCH(""employment"",I26)),""Labor Dispute Filed Against Your Company"",IF(ISNUMBER(SEARCH(""banking"",I26)),""Banking, Finance & Collections Lawsuit Filed Against Your Company"",IF(ISNUMBER(SEARCH(""landlord"",I26)),""Tenant Dispute Filed Against Your Company"",IF(ISNUMBER(SEARCH(""unfair"",I26)),""Unfair Competition Lawsuit Filed Against Your Company"",IF(ISNUMBER(SEARCH(""intellectual"",I26)),""IP Lawsuit Filed Against Your Company"",IF(ISNUMBER(SEARCH(""FRAUD"",I26)),""Lawsuit Claiming Fraud Filed Against Your Company"",I26))))))))))"
California Department Of Motor Vehicles,Corporation Wiki,55 W 125th St,New York,NY,10027,First Technology Federal Credit Union v. John Olivero,https://www.westlaw.com/Document/I511FC867F7F011EA8C24C7BE4F705CAD/View/FullText.html?navigationPath=Alert%2Fv1%2FlistNavigation%2FDocketAlertNext%2Fi0ad84c19000001749671096878cd8a9a%3FtransitionType%3DDocketAlert%26originationContext%3DSearch%2520Result%26contextData%3D%2528sc.DocketAlert%2529%26rank%3D1%26alertGuid%3Di0ad606db000001712ea31744ee194a26&listSource=Alert&list=DocketAlertNext&rank=1&originationContext=Search%20Result&transitionType=DocketAlert&contextData=%28sc.DocketAlert%29&VR=3.0&RS=cblt1.0&alertGuid=i0ad606db000001712ea31744ee194a26,"Contracts, Breach of Warranty",20CECG02681,CA Fresno Super. Ct.,44088.0,"=IF(ISNUMBER(SEARCH(""Balboa Capital"",G27)),""Balboa Capital Lawsuit Against Your Company"",IF(ISNUMBER(SEARCH(""Creditors Adjustment"",G27)),""Creditors Adjustment Bureau Lawsuit Against Your Company"",IF(ISNUMBER(SEARCH(""contract"",I27)),""Contract Dispute Against Your Company"",IF(ISNUMBER(SEARCH(""labor"",I27)),""Labor Dispute Filed Against Your Company"",IF(ISNUMBER(SEARCH(""employment"",I27)),""Labor Dispute Filed Against Your Company"",IF(ISNUMBER(SEARCH(""banking"",I27)),""Banking, Finance & Collections Lawsuit Filed Against Your Company"",IF(ISNUMBER(SEARCH(""landlord"",I27)),""Tenant Dispute Filed Against Your Company"",IF(ISNUMBER(SEARCH(""unfair"",I27)),""Unfair Competition Lawsuit Filed Against Your Company"",IF(ISNUMBER(SEARCH(""intellectual"",I27)),""IP Lawsuit Filed Against Your Company"",IF(ISNUMBER(SEARCH(""FRAUD"",I27)),""Lawsuit Claiming Fraud Filed Against Your Company"",I27))))))))))"
General Motors Llc.,Corporation Wiki,8255 San Leandro St,Oakland,CA,94621,Gary Eisley v. General Motors LLC.,https://www.westlaw.com/Document/I511FC88BF7F011EA8C24C7BE4F705CAD/View/FullText.html?navigationPath=Alert%2Fv1%2FlistNavigation%2FDocketAlertNext%2Fi0ad84c19000001749671096878cd8a9a%3FtransitionType%3DDocketAlert%26originationContext%3DSearch%2520Result%26contextData%3D%2528sc.DocketAlert%2529%26rank%3D3%26alertGuid%3Di0ad606db000001712ea31744ee194a26&listSource=Alert&list=DocketAlertNext&rank=3&originationContext=Search%20Result&transitionType=DocketAlert&contextData=%28sc.DocketAlert%29&VR=3.0&RS=cblt1.0&alertGuid=i0ad606db000001712ea31744ee194a26,"Contracts, Breach of Warranty",20CECG02676,CA Fresno Super. Ct.,44088.0,"=IF(ISNUMBER(SEARCH(""Balboa Capital"",G28)),""Balboa Capital Lawsuit Against Your Company"",IF(ISNUMBER(SEARCH(""Creditors Adjustment"",G28)),""Creditors Adjustment Bureau Lawsuit Against Your Company"",IF(ISNUMBER(SEARCH(""contract"",I28)),""Contract Dispute Against Your Company"",IF(ISNUMBER(SEARCH(""labor"",I28)),""Labor Dispute Filed Against Your Company"",IF(ISNUMBER(SEARCH(""employment"",I28)),""Labor Dispute Filed Against Your Company"",IF(ISNUMBER(SEARCH(""banking"",I28)),""Banking, Finance & Collections Lawsuit Filed Against Your Company"",IF(ISNUMBER(SEARCH(""landlord"",I28)),""Tenant Dispute Filed Against Your Company"",IF(ISNUMBER(SEARCH(""unfair"",I28)),""Unfair Competition Lawsuit Filed Against Your Company"",IF(ISNUMBER(SEARCH(""intellectual"",I28)),""IP Lawsuit Filed Against Your Company"",IF(ISNUMBER(SEARCH(""FRAUD"",I28)),""Lawsuit Claiming Fraud Filed Against Your Company"",I28))))))))))"
"General Motors, Llc, A Delaware Limited Liability Company",Corporation Wiki,8255 San Leandro St,Oakland,CA,94621,"Anacleto Mireles v. General Motors, LLC, A Delaware Limited Liability Company",https://www.westlaw.com/Document/ICDB619F1F7DC11EAB1FAF5A0AEE61CE8/View/FullText.html?navigationPath=Alert%2Fv1%2FlistNavigation%2FDocketAlertNext%2Fi0ad84c19000001749671096878cd8a9a%3FtransitionType%3DDocketAlert%26originationContext%3DSearch%2520Result%26contextData%3D%2528sc.DocketAlert%2529%26rank%3D6%26alertGuid%3Di0ad606db000001712ea31744ee194a26&listSource=Alert&list=DocketAlertNext&rank=6&originationContext=Search%20Result&transitionType=DocketAlert&contextData=%28sc.DocketAlert%29&VR=3.0&RS=cblt1.0&alertGuid=i0ad606db000001712ea31744ee194a26,"Contracts, Breach of Warranty",BCV-20-102143,CA Kern Super Ct.,44088.0,"=IF(ISNUMBER(SEARCH(""Balboa Capital"",G29)),""Balboa Capital Lawsuit Against Your Company"",IF(ISNUMBER(SEARCH(""Creditors Adjustment"",G29)),""Creditors Adjustment Bureau Lawsuit Against Your Company"",IF(ISNUMBER(SEARCH(""contract"",I29)),""Contract Dispute Against Your Company"",IF(ISNUMBER(SEARCH(""labor"",I29)),""Labor Dispute Filed Against Your Company"",IF(ISNUMBER(SEARCH(""employment"",I29)),""Labor Dispute Filed Against Your Company"",IF(ISNUMBER(SEARCH(""banking"",I29)),""Banking, Finance & Collections Lawsuit Filed Against Your Company"",IF(ISNUMBER(SEARCH(""landlord"",I29)),""Tenant Dispute Filed Against Your Company"",IF(ISNUMBER(SEARCH(""unfair"",I29)),""Unfair Competition Lawsuit Filed Against Your Company"",IF(ISNUMBER(SEARCH(""intellectual"",I29)),""IP Lawsuit Filed Against Your Company"",IF(ISNUMBER(SEARCH(""FRAUD"",I29)),""Lawsuit Claiming Fraud Filed Against Your Company"",I29))))))))))"
"American Honda Motor Co., Inc., A California Corporation",Corporation Wiki,15776 Laguna Canyon Rd,Irvine,CA,92618,"Janet Hernandez Et Al v. American Honda Motor Co., Inc., A California Corporation",https://www.westlaw.com/Document/ICDB619CDF7DC11EAB1FAF5A0AEE61CE8/View/FullText.html?navigationPath=Alert%2Fv1%2FlistNavigation%2FDocketAlertNext%2Fi0ad84c19000001749671096878cd8a9a%3FtransitionType%3DDocketAlert%26originationContext%3DSearch%2520Result%26contextData%3D%2528sc.DocketAlert%2529%26rank%3D17%26alertGuid%3Di0ad606db000001712ea31744ee194a26&listSource=Alert&list=DocketAlertNext&rank=17&originationContext=Search%20Result&transitionType=DocketAlert&contextData=%28sc.DocketAlert%29&VR=3.0&RS=cblt1.0&alertGuid=i0ad606db000001712ea31744ee194a26,"Contracts, Breach of Warranty",BCV-20-102149,CA Kern Super Ct.,44089.0,"=IF(ISNUMBER(SEARCH(""Balboa Capital"",G30)),""Balboa Capital Lawsuit Against Your Company"",IF(ISNUMBER(SEARCH(""Creditors Adjustment"",G30)),""Creditors Adjustment Bureau Lawsuit Against Your Company"",IF(ISNUMBER(SEARCH(""contract"",I30)),""Contract Dispute Against Your Company"",IF(ISNUMBER(SEARCH(""labor"",I30)),""Labor Dispute Filed Against Your Company"",IF(ISNUMBER(SEARCH(""employment"",I30)),""Labor Dispute Filed Against Your Company"",IF(ISNUMBER(SEARCH(""banking"",I30)),""Banking, Finance & Collections Lawsuit Filed Against Your Company"",IF(ISNUMBER(SEARCH(""landlord"",I30)),""Tenant Dispute Filed Against Your Company"",IF(ISNUMBER(SEARCH(""unfair"",I30)),""Unfair Competition Lawsuit Filed Against Your Company"",IF(ISNUMBER(SEARCH(""intellectual"",I30)),""IP Lawsuit Filed Against Your Company"",IF(ISNUMBER(SEARCH(""FRAUD"",I30)),""Lawsuit Claiming Fraud Filed Against Your Company"",I30))))))))))"
Westchester Fire Insurance Company,Corporation Wiki,2105 W Griffin Pkwy,Mission,TX,78572,"So Cal Construction General Engineering. Inc., A California Corporation v. Fhii, LLC, A California Limited Liability Company Et Al",https://www.westlaw.com/Document/ICDB619DFF7DC11EAB1FAF5A0AEE61CE8/View/FullText.html?navigationPath=Alert%2Fv1%2FlistNavigation%2FDocketAlertNext%2Fi0ad84c19000001749671096878cd8a9a%3FtransitionType%3DDocketAlert%26originationContext%3DSearch%2520Result%26contextData%3D%2528sc.DocketAlert%2529%26rank%3D46%26alertGuid%3Di0ad606db000001712ea31744ee194a26&listSource=Alert&list=DocketAlertNext&rank=46&originationContext=Search%20Result&transitionType=DocketAlert&contextData=%28sc.DocketAlert%29&VR=3.0&RS=cblt1.0&alertGuid=i0ad606db000001712ea31744ee194a26,"Contracts, Breach of Warranty",BCV-20-102146,CA Kern Super Ct.,44088.0,"=IF(ISNUMBER(SEARCH(""Balboa Capital"",G31)),""Balboa Capital Lawsuit Against Your Company"",IF(ISNUMBER(SEARCH(""Creditors Adjustment"",G31)),""Creditors Adjustment Bureau Lawsuit Against Your Company"",IF(ISNUMBER(SEARCH(""contract"",I31)),""Contract Dispute Against Your Company"",IF(ISNUMBER(SEARCH(""labor"",I31)),""Labor Dispute Filed Against Your Company"",IF(ISNUMBER(SEARCH(""employment"",I31)),""Labor Dispute Filed Against Your Company"",IF(ISNUMBER(SEARCH(""banking"",I31)),""Banking, Finance & Collections Lawsuit Filed Against Your Company"",IF(ISNUMBER(SEARCH(""landlord"",I31)),""Tenant Dispute Filed Against Your Company"",IF(ISNUMBER(SEARCH(""unfair"",I31)),""Unfair Competition Lawsuit Filed Against Your Company"",IF(ISNUMBER(SEARCH(""intellectual"",I31)),""IP Lawsuit Filed Against Your Company"",IF(ISNUMBER(SEARCH(""FRAUD"",I31)),""Lawsuit Claiming Fraud Filed Against Your Company"",I31))))))))))"
Fidelity National Title Insurance Company,Corporation Wiki,690 Long Bridge St,San Francisco,CA,94158,Seabridge v. Fidelity,https://www.westlaw.com/Document/IE6DECF3CF7BE11EA8C24C7BE4F705CAD/View/FullText.html?navigationPath=Alert%2Fv1%2FlistNavigation%2FDocketAlertNext%2Fi0ad6403c0000017496902027cb909e52%3FtransitionType%3DDocketAlert%26originationContext%3DSearch%2520Result%26contextData%3D%2528sc.DocketAlert%2529%26rank%3D27%26alertGuid%3Di0ad606680000016d19c6dc1be05dfd3e&listSource=Alert&list=DocketAlertNext&rank=27&originationContext=Search%20Result&transitionType=DocketAlert&contextData=%28sc.DocketAlert%29&VR=3.0&RS=cblt1.0&alertGuid=i0ad606680000016d19c6dc1be05dfd3e,"Contracts, Breach of Warranty",2020-00545260,CA Ventura Super. Ct.,44085.0,"=IF(ISNUMBER(SEARCH(""Balboa Capital"",G32)),""Balboa Capital Lawsuit Against Your Company"",IF(ISNUMBER(SEARCH(""Creditors Adjustment"",G32)),""Creditors Adjustment Bureau Lawsuit Against Your Company"",IF(ISNUMBER(SEARCH(""contract"",I32)),""Contract Dispute Against Your Company"",IF(ISNUMBER(SEARCH(""labor"",I32)),""Labor Dispute Filed Against Your Company"",IF(ISNUMBER(SEARCH(""employment"",I32)),""Labor Dispute Filed Against Your Company"",IF(ISNUMBER(SEARCH(""banking"",I32)),""Banking, Finance & Collections Lawsuit Filed Against Your Company"",IF(ISNUMBER(SEARCH(""landlord"",I32)),""Tenant Dispute Filed Against Your Company"",IF(ISNUMBER(SEARCH(""unfair"",I32)),""Unfair Competition Lawsuit Filed Against Your Company"",IF(ISNUMBER(SEARCH(""intellectual"",I32)),""IP Lawsuit Filed Against Your Company"",IF(ISNUMBER(SEARCH(""FRAUD"",I32)),""Lawsuit Claiming Fraud Filed Against Your Company"",I32))))))))))"
"Clarke Financial Holdings, Inc.",Corporation Wiki,6 Hutton Centre Dr,Santa Ana,CA,92707,"Lhp Pharm, Inc. v. Chuong Do Et Al",https://www.westlaw.com/Document/IAF0A47C3F7E111EAACFACD2D37FB36E9/View/FullText.html?navigationPath=Alert%2Fv1%2FlistNavigation%2FDocketAlertNext%2Fi0ad6403c0000017496902027cb909e52%3FtransitionType%3DDocketAlert%26originationContext%3DSearch%2520Result%26contextData%3D%2528sc.DocketAlert%2529%26rank%3D77%26alertGuid%3Di0ad606680000016d19c6dc1be05dfd3e&listSource=Alert&list=DocketAlertNext&rank=77&originationContext=Search%20Result&transitionType=DocketAlert&contextData=%28sc.DocketAlert%29&VR=3.0&RS=cblt1.0&alertGuid=i0ad606680000016d19c6dc1be05dfd3e,"Contracts, Breach of Warranty",20CV370314,CA Santa Clara Super. CT.,44078.0,"=IF(ISNUMBER(SEARCH(""Balboa Capital"",G33)),""Balboa Capital Lawsuit Against Your Company"",IF(ISNUMBER(SEARCH(""Creditors Adjustment"",G33)),""Creditors Adjustment Bureau Lawsuit Against Your Company"",IF(ISNUMBER(SEARCH(""contract"",I33)),""Contract Dispute Against Your Company"",IF(ISNUMBER(SEARCH(""labor"",I33)),""Labor Dispute Filed Against Your Company"",IF(ISNUMBER(SEARCH(""employment"",I33)),""Labor Dispute Filed Against Your Company"",IF(ISNUMBER(SEARCH(""banking"",I33)),""Banking, Finance & Collections Lawsuit Filed Against Your Company"",IF(ISNUMBER(SEARCH(""landlord"",I33)),""Tenant Dispute Filed Against Your Company"",IF(ISNUMBER(SEARCH(""unfair"",I33)),""Unfair Competition Lawsuit Filed Against Your Company"",IF(ISNUMBER(SEARCH(""intellectual"",I33)),""IP Lawsuit Filed Against Your Company"",IF(ISNUMBER(SEARCH(""FRAUD"",I33)),""Lawsuit Claiming Fraud Filed Against Your Company"",I33))))))))))"
American Honda Motor Co Inc,Corporation Wiki,7128 Miramar Rd,San Diego,CA,92121,Hannah v. American Honda Motor Co Inc,https://www.westlaw.com/Document/I511F5231F7F011EA8C24C7BE4F705CAD/View/FullText.html?navigationPath=Alert%2Fv1%2FlistNavigation%2FDocketAlertNext%2Fi0ad6403c0000017496902027cb909e52%3FtransitionType%3DDocketAlert%26originationContext%3DSearch%2520Result%26contextData%3D%2528sc.DocketAlert%2529%26rank%3D207%26alertGuid%3Di0ad606680000016d19c6dc1be05dfd3e&listSource=Alert&list=DocketAlertNext&rank=207&originationContext=Search%20Result&transitionType=DocketAlert&contextData=%28sc.DocketAlert%29&VR=3.0&RS=cblt1.0&alertGuid=i0ad606680000016d19c6dc1be05dfd3e,"Contracts, Breach of Warranty",37-2020-00032292-CU-BC-CTL,CA San Diego Super.Ct.,44089.0,"=IF(ISNUMBER(SEARCH(""Balboa Capital"",G34)),""Balboa Capital Lawsuit Against Your Company"",IF(ISNUMBER(SEARCH(""Creditors Adjustment"",G34)),""Creditors Adjustment Bureau Lawsuit Against Your Company"",IF(ISNUMBER(SEARCH(""contract"",I34)),""Contract Dispute Against Your Company"",IF(ISNUMBER(SEARCH(""labor"",I34)),""Labor Dispute Filed Against Your Company"",IF(ISNUMBER(SEARCH(""employment"",I34)),""Labor Dispute Filed Against Your Company"",IF(ISNUMBER(SEARCH(""banking"",I34)),""Banking, Finance & Collections Lawsuit Filed Against Your Company"",IF(ISNUMBER(SEARCH(""landlord"",I34)),""Tenant Dispute Filed Against Your Company"",IF(ISNUMBER(SEARCH(""unfair"",I34)),""Unfair Competition Lawsuit Filed Against Your Company"",IF(ISNUMBER(SEARCH(""intellectual"",I34)),""IP Lawsuit Filed Against Your Company"",IF(ISNUMBER(SEARCH(""FRAUD"",I34)),""Lawsuit Claiming Fraud Filed Against Your Company"",I34))))))))))"
American Contractors Indemnity Company,Corporation Wiki,175 Berkeley St,Boston,MA,02116,"All-Truss, Inc. v. Ridout Roofing Company, Inc.",https://www.westlaw.com/Document/I70139516F7C911EA8C24C7BE4F705CAD/View/FullText.html?navigationPath=Alert%2Fv1%2FlistNavigation%2FDocketAlertNext%2Fi0ad64041000001749699c5499ac873e5%3FtransitionType%3DDocketAlert%26originationContext%3DSearch%2520Result%26contextData%3D%2528sc.DocketAlert%2529%26rank%3D13%26alertGuid%3Di0ad606da00000172c6624f284bf67555&listSource=Alert&list=DocketAlertNext&rank=13&originationContext=Search%20Result&transitionType=DocketAlert&contextData=%28sc.DocketAlert%29&VR=3.0&RS=cblt1.0&alertGuid=i0ad606da00000172c6624f284bf67555,"Contracts, Breach of Warranty",RG20073405,CA Alameda Super. Ct.,44085.0,"=IF(ISNUMBER(SEARCH(""Balboa Capital"",G35)),""Balboa Capital Lawsuit Against Your Company"",IF(ISNUMBER(SEARCH(""Creditors Adjustment"",G35)),""Creditors Adjustment Bureau Lawsuit Against Your Company"",IF(ISNUMBER(SEARCH(""contract"",I35)),""Contract Dispute Against Your Company"",IF(ISNUMBER(SEARCH(""labor"",I35)),""Labor Dispute Filed Against Your Company"",IF(ISNUMBER(SEARCH(""employment"",I35)),""Labor Dispute Filed Against Your Company"",IF(ISNUMBER(SEARCH(""banking"",I35)),""Banking, Finance & Collections Lawsuit Filed Against Your Company"",IF(ISNUMBER(SEARCH(""landlord"",I35)),""Tenant Dispute Filed Against Your Company"",IF(ISNUMBER(SEARCH(""unfair"",I35)),""Unfair Competition Lawsuit Filed Against Your Company"",IF(ISNUMBER(SEARCH(""intellectual"",I35)),""IP Lawsuit Filed Against Your Company"",IF(ISNUMBER(SEARCH(""FRAUD"",I35)),""Lawsuit Claiming Fraud Filed Against Your Company"",I35))))))))))"
"Ridout Roofing Company, Inc.",Corporation Wiki,104 N 3rd St,Alexandria,LA,71301,"All-Truss, Inc. v. Ridout Roofing Company, Inc.",https://www.westlaw.com/Document/I70139516F7C911EA8C24C7BE4F705CAD/View/FullText.html?navigationPath=Alert%2Fv1%2FlistNavigation%2FDocketAlertNext%2Fi0ad64041000001749699c5499ac873e5%3FtransitionType%3DDocketAlert%26originationContext%3DSearch%2520Result%26contextData%3D%2528sc.DocketAlert%2529%26rank%3D13%26alertGuid%3Di0ad606da00000172c6624f284bf67555&listSource=Alert&list=DocketAlertNext&rank=13&originationContext=Search%20Result&transitionType=DocketAlert&contextData=%28sc.DocketAlert%29&VR=3.0&RS=cblt1.0&alertGuid=i0ad606da00000172c6624f284bf67555,"Contracts, Breach of Warranty",RG20073405,CA Alameda Super. Ct.,44085.0,"=IF(ISNUMBER(SEARCH(""Balboa Capital"",G36)),""Balboa Capital Lawsuit Against Your Company"",IF(ISNUMBER(SEARCH(""Creditors Adjustment"",G36)),""Creditors Adjustment Bureau Lawsuit Against Your Company"",IF(ISNUMBER(SEARCH(""contract"",I36)),""Contract Dispute Against Your Company"",IF(ISNUMBER(SEARCH(""labor"",I36)),""Labor Dispute Filed Against Your Company"",IF(ISNUMBER(SEARCH(""employment"",I36)),""Labor Dispute Filed Against Your Company"",IF(ISNUMBER(SEARCH(""banking"",I36)),""Banking, Finance & Collections Lawsuit Filed Against Your Company"",IF(ISNUMBER(SEARCH(""landlord"",I36)),""Tenant Dispute Filed Against Your Company"",IF(ISNUMBER(SEARCH(""unfair"",I36)),""Unfair Competition Lawsuit Filed Against Your Company"",IF(ISNUMBER(SEARCH(""intellectual"",I36)),""IP Lawsuit Filed Against Your Company"",IF(ISNUMBER(SEARCH(""FRAUD"",I36)),""Lawsuit Claiming Fraud Filed Against Your Company"",I36))))))))))"
Machat & Associates,Corporation Wiki,1500 Market St,Philadelphia,PA,19102,"FIRST LEGAL NETWORK, LLC, A NEVADA LIMITED LIABILITY COMPANY V. MACHAT & ASSOCIATES, A CALIFORNIA PROFESSIONAL CORPORATION",https://www.westlaw.com/Document/I0E5141E4F7EC11EAA4A6DA07B08DE5CD/View/FullText.html?navigationPath=Alert%2Fv1%2FlistNavigation%2FDocketAlertNext%2Fi0ad64041000001749699c5499ac873e5%3FtransitionType%3DDocketAlert%26originationContext%3DSearch%2520Result%26contextData%3D%2528sc.DocketAlert%2529%26rank%3D59%26alertGuid%3Di0ad606da00000172c6624f284bf67555&listSource=Alert&list=DocketAlertNext&rank=59&originationContext=Search%20Result&transitionType=DocketAlert&contextData=%28sc.DocketAlert%29&VR=3.0&RS=cblt1.0&alertGuid=i0ad606da00000172c6624f284bf67555,"CONTRACTS, BREACH OF WARRANTY",20STCV35120,CA LOS ANGELES SUPER. CT.,44088.0,"=IF(ISNUMBER(SEARCH(""Balboa Capital"",G37)),""Balboa Capital Lawsuit Against Your Company"",IF(ISNUMBER(SEARCH(""Creditors Adjustment"",G37)),""Creditors Adjustment Bureau Lawsuit Against Your Company"",IF(ISNUMBER(SEARCH(""contract"",I37)),""Contract Dispute Against Your Company"",IF(ISNUMBER(SEARCH(""labor"",I37)),""Labor Dispute Filed Against Your Company"",IF(ISNUMBER(SEARCH(""employment"",I37)),""Labor Dispute Filed Against Your Company"",IF(ISNUMBER(SEARCH(""banking"",I37)),""Banking, Finance & Collections Lawsuit Filed Against Your Company"",IF(ISNUMBER(SEARCH(""landlord"",I37)),""Tenant Dispute Filed Against Your Company"",IF(ISNUMBER(SEARCH(""unfair"",I37)),""Unfair Competition Lawsuit Filed Against Your Company"",IF(ISNUMBER(SEARCH(""intellectual"",I37)),""IP Lawsuit Filed Against Your Company"",IF(ISNUMBER(SEARCH(""FRAUD"",I37)),""Lawsuit Claiming Fraud Filed Against Your Company"",I37))))))))))"
